Raw Text,Name,4-Digit Number,ATA style with dash
11 PLACARDS AND MARKINGS,PLACARDS AND MARKINGS,11 ,11 
1100 PLACARDS AND MARKINGS,PLACARDS AND MARKINGS,1100 ,11-00 
12 SERVICING,SERVICING,12 ,12 
1210 FUEL SERVICING,FUEL SERVICING,1210 ,12-10 
1220 OIL SERVICING,OIL SERVICING,1220 ,12-20 
1230 HYDRAULIC FLUID SERVICING,HYDRAULIC FLUID SERVICING,1230 ,12-30 
1240 COOLANT SERVICING,COOLANT SERVICING,1240 ,12-40 
14 HARDWARE,HARDWARE,14 ,14 
1400 MISCELLANEOUS HARDWARE,MISCELLANEOUS HARDWARE,1400 ,14-00 
1410 HOSES AND TUBES,HOSES AND TUBES,1410 ,14-10 
1420 ELECTRICAL CONNECTORS,ELECTRICAL CONNECTORS,1420 ,14-20 
1430 FASTENERS,FASTENERS,1430 ,14-30 
1497 MISCELLANEOUS WIRING,MISCELLANEOUS WIRING,1497 ,14-97 
18 HELICOPTER VIBRATION,HELICOPTER VIBRATION,18 ,18 
1800 HELICOPTER VIB/NOISE ANALYSIS,HELICOPTER VIB/NOISE ANALYSIS,1800 ,18-00 
1810 HELICOPTER VIBRATION ANALYSIS,HELICOPTER VIBRATION ANALYSIS,1810 ,18-10 
1820 HELICOPTER NOISE ANALYSIS,HELICOPTER NOISE ANALYSIS,1820 ,18-20 
1897 HELICOPTER VIBRATION SYSTEM WIRING,HELICOPTER VIBRATION SYSTEM WIRING,1897 ,18-97 
21 AIR CONDITIONING,AIR CONDITIONING,21 ,21 
2100 AIR CONDITIONING SYSTEM,AIR CONDITIONING SYSTEM,2100 ,21-00 
2110 CABIN COMPRESSOR SYSTEM,CABIN COMPRESSOR SYSTEM,2110 ,21-10 
2120 AIR DISTRIBUTION SYSTEM,AIR DISTRIBUTION SYSTEM,2120 ,21-20 
2121 AIR DISTRIBUTION FAN,AIR DISTRIBUTION FAN,2121 ,21-21 
2130 CABIN PRESSURE CONTROL SYSTEM,CABIN PRESSURE CONTROL SYSTEM,2130 ,21-30 
2131 CABIN PRESSURE CONTROLLER,CABIN PRESSURE CONTROLLER,2131 ,21-31 
2132 CABIN PRESSURE INDICATOR,CABIN PRESSURE INDICATOR,2132 ,21-32 
2133 PRESSURE REGUL/OUTFLOW VALVE,PRESSURE REGUL/OUTFLOW VALVE,2133 ,21-33 
2134 CABIN PRESSURE SENSOR,CABIN PRESSURE SENSOR,2134 ,21-34 
2140 HEATING SYSTEM,HEATING SYSTEM,2140 ,21-40 
2150 CABIN COOLING SYSTEM,CABIN COOLING SYSTEM,2150 ,21-50 
2160 CABIN TEMPERATURE CONTROL SYSTEM,CABIN TEMPERATURE CONTROL SYSTEM,2160 ,21-60 
2161 CABIN TEMPERATURE CONTROLLER,CABIN TEMPERATURE CONTROLLER,2161 ,21-61 
2162 CABIN TEMPERATURE INDICATOR,CABIN TEMPERATURE INDICATOR,2162 ,21-62 
2163 CABIN TEMPERATURE SENSOR,CABIN TEMPERATURE SENSOR,2163 ,21-63 
2170 HUMIDITY CONTROL SYSTEM,HUMIDITY CONTROL SYSTEM,2170 ,21-70 
2197 AIR CONDITIONING SYSTEM WIRING,AIR CONDITIONING SYSTEM WIRING,2197 ,21-97 
22 AUTO FLIGHT,AUTO FLIGHT,22 ,22 
2200 AUTO FLIGHT SYSTEM,AUTO FLIGHT SYSTEM,2200 ,22-00 
2210 AUTOPILOT SYSTEM,AUTOPILOT SYSTEM,2210 ,22-10 
2211 AUTOPILOT COMPUTER,AUTOPILOT COMPUTER,2211 ,22-11 
2212 ALTITUDE CONTROLLER,ALTITUDE CONTROLLER,2212 ,22-12 
2213 FLIGHT CONTROLLER,FLIGHT CONTROLLER,2213 ,22-13 
2214 AUTOPILOT TRIM INDICATOR,AUTOPILOT TRIM INDICATOR,2214 ,22-14 
2215 AUTOPILOT MAIN SERVO,AUTOPILOT MAIN SERVO,2215 ,22-15 
2216 AUTOPILOT TRIM SERVO,AUTOPILOT TRIM SERVO,2216 ,22-16 
2220 SPEED-ATTITUDE CORRECT. SYSTEM,SPEED-ATTITUDE CORRECT. SYSTEM,2220 ,22-20 
2230 AUTO THROTTLE SYSTEM,AUTO THROTTLE SYSTEM,2230 ,22-30 
2250 AERODYNAMIC LOAD ALLEVIATING,AERODYNAMIC LOAD ALLEVIATING,2250 ,22-50 
2297 AUTOFLIGHT SYSTEM WIRING,AUTOFLIGHT SYSTEM WIRING,2297 ,22-97 
23 COMMUNICATIONS,COMMUNICATIONS,23 ,23 
2300 COMMUNICATIONS SYSTEM,COMMUNICATIONS SYSTEM,2300 ,23-00 
2310 HF COMMUNICATION SYSTEM,HF COMMUNICATION SYSTEM,2310 ,23-10 
2311 UHF COMMUNICATION SYSTEM,UHF COMMUNICATION SYSTEM,2311 ,23-11 
2312 VHF COMMUNICATION SYSTEM,VHF COMMUNICATION SYSTEM,2312 ,23-12 
2320 DATA TRANSMISSION AUTO CALL,DATA TRANSMISSION AUTO CALL,2320 ,23-20 
2330 ENTERTAINMENT SYSTEM,ENTERTAINMENT SYSTEM,2330 ,23-30 
2340 INTERPHONE/PASSENGER P A SYSTEM,INTERPHONE/PASSENGER P A SYSTEM,2340 ,23-40 
2350 AUDIO INTEGRATING SYSTEM,AUDIO INTEGRATING SYSTEM,2350 ,23-50 
2360 STATIC DISCHARGE SYSTEM,STATIC DISCHARGE SYSTEM,2360 ,23-60 
2370 AUDIO/VIDEO MONITORING,AUDIO/VIDEO MONITORING,2370 ,23-70 
2397 COMMUNICATION SYSTEM WIRING,COMMUNICATION SYSTEM WIRING,2397 ,23-97 
24 ELECTRICAL POWER,ELECTRICAL POWER,24 ,24 
2400 ELECTRICAL POWER SYSTEM,ELECTRICAL POWER SYSTEM,2400 ,24-00 
2410 ALTERNATOR-GENERATOR DRIVE,ALTERNATOR-GENERATOR DRIVE,2410 ,24-10 
2420 AC GENERATION SYSTEM,AC GENERATION SYSTEM,2420 ,24-20 
2421 AC GENERATOR-ALTERNATOR,AC GENERATOR-ALTERNATOR,2421 ,24-21 
2422 AC INVERTER,AC INVERTER,2422 ,24-22 
2423 PHASE ADAPTER,PHASE ADAPTER,2423 ,24-23 
2424 AC REGULATOR,AC REGULATOR,2424 ,24-24 
2425 AC INDICATING SYSTEM,AC INDICATING SYSTEM,2425 ,24-25 
2430 DC GENERA TING SYSTEM,DC GENERA TING SYSTEM,2430 ,24-30 
2431 BATTERY OVERHEAT WARN. SYSTEM ,BATTERY OVERHEAT WARN. SYSTEM ,2431 ,24-31 
2432 BATTERY/CHARGER SYSTEM,BATTERY/CHARGER SYSTEM,2432 ,24-32 
2433 DC RECTIFIER/CONVERTER,DC RECTIFIER/CONVERTER,2433 ,24-33 
2434 DC GENERATOR-ALTERNATOR,DC GENERATOR-ALTERNATOR,2434 ,24-34 
2435 STARTER-GENERATOR,STARTER-GENERATOR,2435 ,24-35 
2436 DC REGULATOR,DC REGULATOR,2436 ,24-36 
2437 DC INDICATING SYSTEM,DC INDICATING SYSTEM,2437 ,24-37 
2440 EXTERNAL POWER SYSTEM,EXTERNAL POWER SYSTEM,2440 ,24-40 
2450 AC POWER DISTRIBUTION SYSTEM,AC POWER DISTRIBUTION SYSTEM,2450 ,24-50 
2460 DC POWER/DISTRIBUTION SYSTEM,DC POWER/DISTRIBUTION SYSTEM,2460 ,24-60 
2497 ELECTRICAL POWER SYSTEM WIRING,ELECTRICAL POWER SYSTEM WIRING,2497 ,24-97 
25 EQUIPMENT/FURNISHINGS,EQUIPMENT/FURNISHINGS,25 ,25 
2500 CABIN EQUIPMENT/FURNISHINGS,CABIN EQUIPMENT/FURNISHINGS,2500 ,25-00 
2510 FLIGHT COMPARTMENT EQUIPMENT,FLIGHT COMPARTMENT EQUIPMENT,2510 ,25-10 
2520 PASSENGER COMPARTMENT EQUIPMENT,PASSENGER COMPARTMENT EQUIPMENT,2520 ,25-20 
2530 BUFFET/GALLEYS,BUFFET/GALLEYS,2530 ,25-30 
2540 LAVATORIES,LAVATORIES,2540 ,25-40 
2550 CARGO COMPARTMENTS,CARGO COMPARTMENTS,2550 ,25-50 
2551 AGRICULTURAL SPRAY SYSTEM,AGRICULTURAL SPRAY SYSTEM,2551 ,25-51 
2560 EMERGENCY EQUIPMENT,EMERGENCY EQUIPMENT,2560 ,25-60 
2561 LIFE JACKET,LIFE JACKET,2561 ,25-61 
2562 EMERGENCY LOCATOR BEACON,EMERGENCY LOCATOR BEACON,2562 ,25-62 
2563 PARACHUTE,PARACHUTE,2563 ,25-63 
2564 LIFE RAFT,LIFE RAFT,2564 ,25-64 
2565 ESCAPE SLIDE,ESCAPE SLIDE,2565 ,25-65 
2570 ACCESSORY COMPARTMENT,ACCESSORY COMPARTMENT,2570 ,25-70 
2571 BATTERY BOX STRUCTURE,BATTERY BOX STRUCTURE,2571 ,25-71 
2572 ELECTRONIC SHELF SECTION,ELECTRONIC SHELF SECTION,2572 ,25-72 
2597 EQUIP/FURNISHING SYSTEM WIRING,EQUIP/FURNISHING SYSTEM WIRING,2597 ,25-97 
26 FIRE PROTECTION,FIRE PROTECTION,26 ,26 
2600 FIRE PROTECTION SYSTEM,FIRE PROTECTION SYSTEM,2600 ,26-00 
2610 DETECTION SYSTEM,DETECTION SYSTEM,2610 ,26-10 
2611 SMOKE DETECTION,SMOKE DETECTION,2611 ,26-11 
2612 FIRE DETECTION,FIRE DETECTION,2612 ,26-12 
2613 OVERHEAT DETECTION,OVERHEAT DETECTION,2613 ,26-13 
2620 EXTINGUISHING SYSTEM,EXTINGUISHING SYSTEM,2620 ,26-20 
"2621 FIRE BOTTLE, FIXED","FIRE BOTTLE, FIXED",2621 ,26-21 
"2622 FIRE BOTTLE, PORTABLE","FIRE BOTTLE, PORTABLE",2622 ,26-22 
2697 FIRE PROTECTION SYSTEM WIRING,FIRE PROTECTION SYSTEM WIRING,2697 ,26-97 
27 FLIGHT CONTROLS,FLIGHT CONTROLS,27 ,27 
2700 FLIGHT CONTROL SYSTEM,FLIGHT CONTROL SYSTEM,2700 ,27-00 
2701 CONTROL COLUMN SECTION,CONTROL COLUMN SECTION,2701 ,27-01 
2710 AILERON CONTROL SYSTEM,AILERON CONTROL SYSTEM,2710 ,27-10 
2711 AILERON TAB CONTROL SYSTEM,AILERON TAB CONTROL SYSTEM,2711 ,27-11 
2720 RUDDER CONTROL SYSTEM,RUDDER CONTROL SYSTEM,2720 ,27-20 
2721 RUDDER TAB CONTROL SYSTEM,RUDDER TAB CONTROL SYSTEM,2721 ,27-21 
2722 RUDDER ACTUATOR,RUDDER ACTUATOR,2722 ,27-22 
2730 ELEVATOR CONTROL SYSTEM,ELEVATOR CONTROL SYSTEM,2730 ,27-30 
2731 ELEVATOR TAB CONTROL SYSTEM,ELEVATOR TAB CONTROL SYSTEM,2731 ,27-31 
2740 STABILIZER CONTROL SYSTEM,STABILIZER CONTROL SYSTEM,2740 ,27-40 
2741 STABILIZER POSITION INDICATING,STABILIZER POSITION INDICATING,2741 ,27-41 
2742 STABILIZER ACTUATOR,STABILIZER ACTUATOR,2742 ,27-42 
2750 TE FLAP CONTROL SYSTEM,TE FLAP CONTROL SYSTEM,2750 ,27-50 
2751 TE FLAP POSITION IND. SYSTEM,TE FLAP POSITION IND. SYSTEM,2751 ,27-51 
2752 TE FLAP ACTUATOR,TE FLAP ACTUATOR,2752 ,27-52 
2760 DRAG CONTROL SYSTEM,DRAG CONTROL SYSTEM,2760 ,27-60 
2761 DRAG CONTROL ACTUATOR,DRAG CONTROL ACTUATOR,2761 ,27-61 
2770 GUST LOCK/DAMPER SYSTEM,GUST LOCK/DAMPER SYSTEM,2770 ,27-70 
2780 LE SLAT CONTROL SYSTEM,LE SLAT CONTROL SYSTEM,2780 ,27-80 
2781 LE SLAT POSITION IND. SYSTEM,LE SLAT POSITION IND. SYSTEM,2781 ,27-81 
2782 LE SLAT ACTUATOR,LE SLAT ACTUATOR,2782 ,27-82 
2797 FLIGHT CONTROL SYSTEM WIRING,FLIGHT CONTROL SYSTEM WIRING,2797 ,27-97 
28 FUEL,FUEL,28 ,28 
2800 AIRCRAFT FUEL SYSTEM,AIRCRAFT FUEL SYSTEM,2800 ,28-00 
2810 FUEL STORAGE,FUEL STORAGE,2810 ,28-10 
2820 ACFT FUEL DISTRIB. SYSTEM,ACFT FUEL DISTRIB. SYSTEM,2820 ,28-20 
2821 ACFT FUEL FILTER/STRAINER,ACFT FUEL FILTER/STRAINER,2821 ,28-21 
2822 FUEL BOOST PUMP,FUEL BOOST PUMP,2822 ,28-22 
2823 FUEL SELECTOR/SHUT-OFF VALVE,FUEL SELECTOR/SHUT-OFF VALVE,2823 ,28-23 
2824 FUEL TRANSFER VALVE,FUEL TRANSFER VALVE,2824 ,28-24 
2830 FUEL DUMP SYSTEM,FUEL DUMP SYSTEM,2830 ,28-30 
2840 ACFT FUEL INDICATING SYSTEM,ACFT FUEL INDICATING SYSTEM,2840 ,28-40 
2841 FUEL QUANTITY INDICATOR,FUEL QUANTITY INDICATOR,2841 ,28-41 
2842 FUEL QUANTITY SENSOR,FUEL QUANTITY SENSOR,2842 ,28-42 
2843 FUEL TEMPERATURE INDICATOR,FUEL TEMPERATURE INDICATOR,2843 ,28-43 
2844 FUEL PRESSURE INDICATOR,FUEL PRESSURE INDICATOR,2844 ,28-44 
2897 FUEL SYSTEM WIRING,FUEL SYSTEM WIRING,2897 ,28-97 
29 HYDRAULIC POWER,HYDRAULIC POWER,29 ,29 
2900 HYDRAULIC POWER SYSTEM,HYDRAULIC POWER SYSTEM,2900 ,29-00 
"2910 HYDRAULIC SYSTEM, MAIN","HYDRAULIC SYSTEM, MAIN",2910 ,29-10 
"2911 HYDRAULIC POWER ACCUMULATOR, MAIN","HYDRAULIC POWER ACCUMULATOR, MAIN",2911 ,29-11 
"2912 HYDRAULIC FILTER, MAIN","HYDRAULIC FILTER, MAIN",2912 ,29-12 
"2913 HYDRAULIC PUMP, (ELECT/ENG), MAIN","HYDRAULIC PUMP, (ELECT/ENG), MAIN",2913 ,29-13 
"2914 HYDRAULIC HANDPUMP, MAIN","HYDRAULIC HANDPUMP, MAIN",2914 ,29-14 
"2915 HYDRAULIC PRESSURE RELIEF VLV, MAIN","HYDRAULIC PRESSURE RELIEF VLV, MAIN",2915 ,29-15 
"2916 HYDRAULIC RESERVOIR, MAIN","HYDRAULIC RESERVOIR, MAIN",2916 ,29-16 
"2917 HYDRAULIC PRESSURE REGULATOR, MAIN","HYDRAULIC PRESSURE REGULATOR, MAIN",2917 ,29-17 
"2920 HYDRAULIC SYSTEM, AUXILIARY","HYDRAULIC SYSTEM, AUXILIARY",2920 ,29-20 
"2921 HYDRAULIC ACCUMULATOR, AUXILIARY","HYDRAULIC ACCUMULATOR, AUXILIARY",2921 ,29-21 
"2922 HYDRAULIC FILTER, AUXILIARY","HYDRAULIC FILTER, AUXILIARY",2922 ,29-22 
"2923 HYDRAULIC PUMP, AUXILIARY","HYDRAULIC PUMP, AUXILIARY",2923 ,29-23 
"2925 HYDRAULIC PRESSURE RELIEF, AUXILIARY","HYDRAULIC PRESSURE RELIEF, AUXILIARY",2925 ,29-25 
"2926 HYDRAULIC RESERVOIR, AUXILIARY","HYDRAULIC RESERVOIR, AUXILIARY",2926 ,29-26 
"2927 HYDRAULIC PRESSURE REGULATOR, AUX.","HYDRAULIC PRESSURE REGULATOR, AUX.",2927 ,29-27 
2930 HYDRAULIC INDICATING SYSTEM,HYDRAULIC INDICATING SYSTEM,2930 ,29-30 
2931 HYDRAULIC PRESSURE INDICATOR,HYDRAULIC PRESSURE INDICATOR,2931 ,29-31 
2932 HYDRAULIC PRESSURE SENSOR,HYDRAULIC PRESSURE SENSOR,2932 ,29-32 
2933 HYDRAULIC QUANTITY INDICATOR,HYDRAULIC QUANTITY INDICATOR,2933 ,29-33 
2934 HYDRAULIC QUANTITY SENSOR,HYDRAULIC QUANTITY SENSOR,2934 ,29-34 
2997 HYDRAULIC POWER SYSTEM WIRING,HYDRAULIC POWER SYSTEM WIRING,2997 ,29-97 
30 ICE AND RAIN PROTECTION,ICE AND RAIN PROTECTION,30 ,30 
3000 ICE/RAIN PROTECTION SYSTEM,ICE/RAIN PROTECTION SYSTEM,3000 ,30-00 
3010 AIRFOIL ANTI/DE-ICE SYSTEM,AIRFOIL ANTI/DE-ICE SYSTEM,3010 ,30-10 
3020 AIR INTAKE ANTI/DE-ICE SYSTEM,AIR INTAKE ANTI/DE-ICE SYSTEM,3020 ,30-20 
3030 PITOT/STATIC ANTI-ICE SYSTEM,PITOT/STATIC ANTI-ICE SYSTEM,3030 ,30-30 
3040 WINDSHIELD/DOOR RAIN/ICE REMOVAL,WINDSHIELD/DOOR RAIN/ICE REMOVAL,3040 ,30-40 
3050 ANTENNA/RADOME ANTI-ICE/DE-ICE SYSTEM,ANTENNA/RADOME ANTI-ICE/DE-ICE SYSTEM,3050 ,30-50 
3060 PROP/ROTOR ANTI-ICE/DE-ICE SYSTEM,PROP/ROTOR ANTI-ICE/DE-ICE SYSTEM,3060 ,30-60 
3070 WATER LINE ANTI-ICE SYSTEM,WATER LINE ANTI-ICE SYSTEM,3070 ,30-70 
3080 ICE DETECTION,ICE DETECTION,3080 ,30-80 
3097 ICE/RAIN PROTECTION SYSTEM WIRING,ICE/RAIN PROTECTION SYSTEM WIRING,3097 ,30-97 
31 INSTRUMENTS,INSTRUMENTS,31 ,31 
3100 INDICATING/RECORDING SYSTEM,INDICATING/RECORDING SYSTEM,3100 ,31-00 
3110 INSTRUMENT PANEL,INSTRUMENT PANEL,3110 ,31-10 
"3120 INDEPENDENT INSTRUMENTS (CLOCK, ETC.)","INDEPENDENT INSTRUMENTS (CLOCK, ETC.)",3120 ,31-20 
3130 DATA RECORDERS (FLT/MAINT),DATA RECORDERS (FLT/MAINT),3130 ,31-30 
3140 CENTRAL COMPUTERS (EICAS),CENTRAL COMPUTERS (EICAS),3140 ,31-40 
3150 CENTRAL WARNING,CENTRAL WARNING,3150 ,31-50 
3160 CENTRAL DISPLAY,CENTRAL DISPLAY,3160 ,31-60 
3170 AUTOMATIC DATA,AUTOMATIC DATA,3170 ,31-70 
3197 INSTRUMENT SYSTEM WIRING,INSTRUMENT SYSTEM WIRING,3197 ,31-97 
32 LANDING GEAR,LANDING GEAR,32 ,32 
3200 LANDING GEAR SYSTEM,LANDING GEAR SYSTEM,3200 ,32-00 
3201 LANDING GEAR/WHEEL FAIRING,LANDING GEAR/WHEEL FAIRING,3201 ,32-01 
3210 MAIN LANDING GEAR,MAIN LANDING GEAR,3210 ,32-10 
3211 MAIN LANDING GEAR ATTACH SECTION,MAIN LANDING GEAR ATTACH SECTION,3211 ,32-11 
3212 EMERGENCY FLOTATION SECTION,EMERGENCY FLOTATION SECTION,3212 ,32-12 
3213 MAIN LANDING GEAR STRUT/AXLE/TRUCK,MAIN LANDING GEAR STRUT/AXLE/TRUCK,3213 ,32-13 
3220 NOSE/TAIL LANDING GEAR,NOSE/TAIL LANDING GEAR,3220 ,32-20 
3221 NOSE/TAIL LANDING GEAR ATTACH SECTION,NOSE/TAIL LANDING GEAR ATTACH SECTION,3221 ,32-21 
3222 NOSE/TAIL LANDING GEAR STRUT/AXLE,NOSE/TAIL LANDING GEAR STRUT/AXLE,3222 ,32-22 
3230 LANDING GEAR RETRACT/EXTEND SYSTEM,LANDING GEAR RETRACT/EXTEND SYSTEM,3230 ,32-30 
3231 LANDING GEAR DOOR RETRACT SECTION,LANDING GEAR DOOR RETRACT SECTION,3231 ,32-31 
3232 LANDING GEAR DOOR ACTUATOR,LANDING GEAR DOOR ACTUATOR,3232 ,32-32 
3233 LANDING GEAR ACTUATOR,LANDING GEAR ACTUATOR,3233 ,32-33 
3234 LANDING GEAR SELECTOR,LANDING GEAR SELECTOR,3234 ,32-34 
3240 LANDING GEAR BRAKE SYSTEM,LANDING GEAR BRAKE SYSTEM,3240 ,32-40 
3241 BRAKE ANTI-SKID SECTION,BRAKE ANTI-SKID SECTION,3241 ,32-41 
3242 BRAKE,BRAKE,3242 ,32-42 
3243 MASTER CYLINDER/BRAKE VALVE,MASTER CYLINDER/BRAKE VALVE,3243 ,32-43 
3244 TIRE,TIRE,3244 ,32-44 
3245 TIRE TUBE,TIRE TUBE,3245 ,32-45 
3246 WHEEL/SKI/FLOAT,WHEEL/SKI/FLOAT,3246 ,32-46 
3250 LANDING GEAR STEERING SYSTEM,LANDING GEAR STEERING SYSTEM,3250 ,32-50 
3251 STEERING UNIT,STEERING UNIT,3251 ,32-51 
3252 SHIMMY DAMPER,SHIMMY DAMPER,3252 ,32-52 
3260 LANDING GEAR POSITION AND WARNING,LANDING GEAR POSITION AND WARNING,3260 ,32-60 
3270 AUXILIARY GEAR (TAIL SKID),AUXILIARY GEAR (TAIL SKID),3270 ,32-70 
3297 LANDING GEAR SYSTEM WIRING,LANDING GEAR SYSTEM WIRING,3297 ,32-97 
33 LIGHTS,LIGHTS,33 ,33 
3300 LIGHTING SYSTEM,LIGHTING SYSTEM,3300 ,33-00 
3310 FLIGHT COMPARTMENT LIGHTING,FLIGHT COMPARTMENT LIGHTING,3310 ,33-10 
3320 PASSENGER COMPARTMENT LIGHTING,PASSENGER COMPARTMENT LIGHTING,3320 ,33-20 
3330 CARGO COMPARTMENT LIGHTING,CARGO COMPARTMENT LIGHTING,3330 ,33-30 
3340 EXTERIOR LIGHTING,EXTERIOR LIGHTING,3340 ,33-40 
3350 EMERGENCY LIGHTING,EMERGENCY LIGHTING,3350 ,33-50 
3397 LIGHT SYSTEM WIRING,LIGHT SYSTEM WIRING,3397 ,33-97 
34 NAVIGATION,NAVIGATION,34 ,34 
3400 NAVIGATION SYSTEM,NAVIGATION SYSTEM,3400 ,34-00 
3410 FLIGHT ENVIRONMENT DATA,FLIGHT ENVIRONMENT DATA,3410 ,34-10 
3411 PITOT/STATIC SYSTEM,PITOT/STATIC SYSTEM,3411 ,34-11 
3412 OUTSIDE AIR TEMP. IND./SENSOR,OUTSIDE AIR TEMP. IND./SENSOR,3412 ,34-12 
3413 RATE OF CLIMB INDICATOR,RATE OF CLIMB INDICATOR,3413 ,34-13 
3414 AIRSPEED/MACH INDICATOR,AIRSPEED/MACH INDICATOR,3414 ,34-14 
3415 HIGH SPEED WARNING,HIGH SPEED WARNING,3415 ,34-15 
"3416 ALTIMETER, BAROMETRIC/ENCODER","ALTIMETER, BAROMETRIC/ENCODER",3416 ,34-16 
3417 AIR DATA COMPUTER,AIR DATA COMPUTER,3417 ,34-17 
3418 STALL WARNING SYSTEM,STALL WARNING SYSTEM,3418 ,34-18 
3420 ATTITUDE AND DIRECTION DATA SYSTEM,ATTITUDE AND DIRECTION DATA SYSTEM,3420 ,34-20 
3421 ATTITUDE GYRO AND IND. SYSTEM,ATTITUDE GYRO AND IND. SYSTEM,3421 ,34-21 
3422 DIRECTIONAL GYRO AND IND. SYSTEM,DIRECTIONAL GYRO AND IND. SYSTEM,3422 ,34-22 
3423 MAGNETIC COMPASS,MAGNETIC COMPASS,3423 ,34-23 
3424 TURN AND BANK/RATE OF TURN INDICATOR,TURN AND BANK/RATE OF TURN INDICATOR,3424 ,34-24 
3425 INTEGRATED FLT. DIRECTOR SYSTEM,INTEGRATED FLT. DIRECTOR SYSTEM,3425 ,34-25 
3430 LANDING AND TAXI AIDS,LANDING AND TAXI AIDS,3430 ,34-30 
3431 LOCALIZER/VOR SYSTEM,LOCALIZER/VOR SYSTEM,3431 ,34-31 
3432 GLIDE SLOPE SYSTEM,GLIDE SLOPE SYSTEM,3432 ,34-32 
3433 MICROWAVE LANDING SYSTEM,MICROWAVE LANDING SYSTEM,3433 ,34-33 
3434 MARKER BEACON SYSTEM,MARKER BEACON SYSTEM,3434 ,34-34 
3435 HEADS UP DISPLAY SYSTEM,HEADS UP DISPLAY SYSTEM,3435 ,34-35 
3436 WIND SHEAR DETECTION SYSTEM,WIND SHEAR DETECTION SYSTEM,3436 ,34-36 
3440 INDEPENDENT POS. DETERMINING SYSTEM,INDEPENDENT POS. DETERMINING SYSTEM,3440 ,34-40 
3441 INERTIAL GUIDANCE SYSTEM,INERTIAL GUIDANCE SYSTEM,3441 ,34-41 
3442 WEATHER RADAR SYSTEM,WEATHER RADAR SYSTEM,3442 ,34-42 
3443 DOPPLER SYSTEM,DOPPLER SYSTEM,3443 ,34-43 
3444 GROUND PROXIMITY SYSTEM,GROUND PROXIMITY SYSTEM,3444 ,34-44 
3445 AIR COLLISION AVOIDANCE SYSTEM (TCAS),AIR COLLISION AVOIDANCE SYSTEM (TCAS),3445 ,34-45 
3446 NON RADAR WEATHER SYSTEM,NON RADAR WEATHER SYSTEM,3446 ,34-46 
3450 DEPENDENT POSITION DETERMINING SYS,DEPENDENT POSITION DETERMINING SYS,3450 ,34-50 
3451 DME/TACAN SYSTEM,DME/TACAN SYSTEM,3451 ,34-51 
3452 ATC TRANSPONDER SYSTEM,ATC TRANSPONDER SYSTEM,3452 ,34-52 
3453 LORAN SYSTEM,LORAN SYSTEM,3453 ,34-53 
3454 VOR SYSTEM,VOR SYSTEM,3454 ,34-54 
3455 ADF SYSTEM,ADF SYSTEM,3455 ,34-55 
3456 OMEGA NAVIGATION SYSTEM,OMEGA NAVIGATION SYSTEM,3456 ,34-56 
3457 GLOBAL POSITIONING SYSTEM,GLOBAL POSITIONING SYSTEM,3457 ,34-57 
3460 FLT MANAGE. COMPUTING HARDWARE SYS,FLT MANAGE. COMPUTING HARDWARE SYS,3460 ,34-60 
3461 FLT MANAGE. COMPUTING SOFTWARE SYS,FLT MANAGE. COMPUTING SOFTWARE SYS,3461 ,34-61 
3497 NAVIGATION SYSTEM WIRING,NAVIGATION SYSTEM WIRING,3497 ,34-97 
35 OXYGEN,OXYGEN,35 ,35 
3500 OXYGEN SYSTEM,OXYGEN SYSTEM,3500 ,35-00 
3510 CREW OXYGEN SYSTEM,CREW OXYGEN SYSTEM,3510 ,35-10 
3520 PASSENGER OXYGEN SYSTEM,PASSENGER OXYGEN SYSTEM,3520 ,35-20 
3530 PORT ABLE OXYGEN SYSTEM,PORT ABLE OXYGEN SYSTEM,3530 ,35-30 
3597 OXYGEN SYSTEM WIRING,OXYGEN SYSTEM WIRING,3597 ,35-97 
36 PNEUMATIC,PNEUMATIC,36 ,36 
3600 PNEUMATIC SYSTEM,PNEUMATIC SYSTEM,3600 ,36-00 
3610 PNEUMATIC DISTRIBUTION SYSTEM,PNEUMATIC DISTRIBUTION SYSTEM,3610 ,36-10 
3620 PNEUMATIC INDICATING SYSTEM,PNEUMATIC INDICATING SYSTEM,3620 ,36-20 
3697 PNEUMATIC SYSTEM WIRING,PNEUMATIC SYSTEM WIRING,3697 ,36-97 
37 VACUUM,VACUUM,37 ,37 
3700 VACUUM SYSTEM,VACUUM SYSTEM,3700 ,37-00 
3710 VACUUM DISTRIBUTION SYSTEM,VACUUM DISTRIBUTION SYSTEM,3710 ,37-10 
3720 VACUUM INDICATING SYSTEM,VACUUM INDICATING SYSTEM,3720 ,37-20 
3797 VACUUM SYSTEM WIRING,VACUUM SYSTEM WIRING,3797 ,37-97 
38 WATER/WASTE,WATER/WASTE,38 ,38 
3800 WATER AND WASTE SYSTEM,WATER AND WASTE SYSTEM,3800 ,38-00 
3810 POT ABLE WATER SYSTEM,POT ABLE WATER SYSTEM,3810 ,38-10 
3820 WASH WATER SYSTEM,WASH WATER SYSTEM,3820 ,38-20 
3830 WASTE DISPOSAL SYSTEM,WASTE DISPOSAL SYSTEM,3830 ,38-30 
3840 AIR SUPPLY (WATER PRESS. SYSTEM),AIR SUPPLY (WATER PRESS. SYSTEM),3840 ,38-40 
3897 WATER/WASTE SYSTEM WIRING,WATER/WASTE SYSTEM WIRING,3897 ,38-97 
45 CENTRAL MAINT. SYSTEM,CENTRAL MAINT. SYSTEM,45 ,45 
4500 CENTRAL MAINT. COMPUTER,CENTRAL MAINT. COMPUTER,4500 ,45-00 
4597 CENTRAL MAINT. SYSTEM WIRING,CENTRAL MAINT. SYSTEM WIRING,4597 ,45-97 
49 AIRBORNE AUXILIARY POWER,AIRBORNE AUXILIARY POWER,49 ,49 
4900 AIRBORNE APU SYSTEM,AIRBORNE APU SYSTEM,4900 ,49-00 
4910 APU COWLING/CONTAINMENT,APU COWLING/CONTAINMENT,4910 ,49-10 
4920 APU CORE ENGINE,APU CORE ENGINE,4920 ,49-20 
4930 APU ENGINE FUEL AND CONTROL,APU ENGINE FUEL AND CONTROL,4930 ,49-30 
4940 APU ST ART/IGNITION SYSTEM,APU ST ART/IGNITION SYSTEM,4940 ,49-40 
4950 APU BLEED AIR SYSTEM,APU BLEED AIR SYSTEM,4950 ,49-50 
4960 APU CONTROLS,APU CONTROLS,4960 ,49-60 
4970 APU INDICATING SYSTEM,APU INDICATING SYSTEM,4970 ,49-70 
4980 APU EXHAUST SYSTEM,APU EXHAUST SYSTEM,4980 ,49-80 
4990 APU OIL SYSTEM,APU OIL SYSTEM,4990 ,49-90 
4997 APU SYSTEM WIRING,APU SYSTEM WIRING,4997 ,49-97 
51 STANDARD PRACTICES/STRUCTURES,STANDARD PRACTICES/STRUCTURES,51 ,51 
5100 STANDARD PRACTICES/STRUCTURES,STANDARD PRACTICES/STRUCTURES,5100 ,51-00 
5101 AIRCRAFT STRUCTURES,AIRCRAFT STRUCTURES,5101 ,51-01 
5102 BALLOON REPORTS,BALLOON REPORTS,5102 ,51-02 
52 DOORS,DOORS,52 ,52 
5200 DOORS,DOORS,5200 ,52-00 
5210 PASSENGER/CREW DOORS,PASSENGER/CREW DOORS,5210 ,52-10 
5220 EMERGENCY EXITS,EMERGENCY EXITS,5220 ,52-20 
5230 CARGO/BAGGAGE DOORS,CARGO/BAGGAGE DOORS,5230 ,52-30 
5240 SERVICE DOORS,SERVICE DOORS,5240 ,52-40 
5241 GALLEY DOORS,GALLEY DOORS,5241 ,52-41 
5242 E/E COMPARTMENT DOORS,E/E COMPARTMENT DOORS,5242 ,52-42 
5243 HYDRAULIC COMPARTMENT DOORS,HYDRAULIC COMPARTMENT DOORS,5243 ,52-43 
5244 ACCESSORY COMPARTMENT DOORS,ACCESSORY COMPARTMENT DOORS,5244 ,52-44 
5245 AIR CONDITIONING COMPART. DOORS,AIR CONDITIONING COMPART. DOORS,5245 ,52-45 
5246 FLUID SERVICE DOORS,FLUID SERVICE DOORS,5246 ,52-46 
5247 APU DOORS,APU DOORS,5247 ,52-47 
5248 TAIL CONE DOORS,TAIL CONE DOORS,5248 ,52-48 
5250 FIXED INNER DOORS,FIXED INNER DOORS,5250 ,52-50 
5260 ENTRANCE STAIRS,ENTRANCE STAIRS,5260 ,52-60 
5270 DOOR WARNING SYSTEM,DOOR WARNING SYSTEM,5270 ,52-70 
5280 LANDING GEAR DOORS,LANDING GEAR DOORS,5280 ,52-80 
5297 DOOR SYSTEM WIRING,DOOR SYSTEM WIRING,5297 ,52-97 
53 FUSELAGE,FUSELAGE,53 ,53 
5300 FUSELAGE STRUCTURE (GENERAL),FUSELAGE STRUCTURE (GENERAL),5300 ,53-00 
5301 AERIAL TOW EQUIPMENT,AERIAL TOW EQUIPMENT,5301 ,53-01 
5302 ROTORCRAFT TAIL BOOM,ROTORCRAFT TAIL BOOM,5302 ,53-02 
"5310 FUSELAGE MAIN, STRUCTURE","FUSELAGE MAIN, STRUCTURE",5310 ,53-10 
"5311 FUSELAGE MAIN, FRAME","FUSELAGE MAIN, FRAME",5311 ,53-11 
"5312 FUSELAGE MAIN, BULKHEAD","FUSELAGE MAIN, BULKHEAD",5312 ,53-12 
"5313 FUSELAGE MAIN, LONGERON/STRINGER","FUSELAGE MAIN, LONGERON/STRINGER",5313 ,53-13 
"5314 FUSELAGE MAIN, KEEL","FUSELAGE MAIN, KEEL",5314 ,53-14 
"5315 FUSELAGE MAIN, FLOOR BEAM","FUSELAGE MAIN, FLOOR BEAM",5315 ,53-15 
5320 FUSELAGE MISCELLANEOUS STRUCTURE,FUSELAGE MISCELLANEOUS STRUCTURE,5320 ,53-20 
5321 FUSELAGE FLOOR PANEL,FUSELAGE FLOOR PANEL,5321 ,53-21 
5322 FUSELAGE INTERNAL MOUNT STRUCTURE,FUSELAGE INTERNAL MOUNT STRUCTURE,5322 ,53-22 
5323 FUSELAGE INTERNAL STAIRS,FUSELAGE INTERNAL STAIRS,5323 ,53-23 
5324 FUSELAGE FIXED PARTITIONS,FUSELAGE FIXED PARTITIONS,5324 ,53-24 
"5330 FUSELAGE MAIN, PLATE/SKIN","FUSELAGE MAIN, PLATE/SKIN",5330 ,53-30 
"5340 FUSELAGE MAIN, ATTACH FITTINGS","FUSELAGE MAIN, ATTACH FITTINGS",5340 ,53-40 
"5341 FUSELAGE, WING ATTACH FITTINGS","FUSELAGE, WING ATTACH FITTINGS",5341 ,53-41 
"5342 FUSELAGE, STABILIZER ATTACH FITTINGS","FUSELAGE, STABILIZER ATTACH FITTINGS",5342 ,53-42 
5343 LANDING GEAR ATTACH FITTINGS,LANDING GEAR ATTACH FITTINGS,5343 ,53-43 
5344 FUSELAGE DOOR HINGES,FUSELAGE DOOR HINGES,5344 ,53-44 
5345 FUSELAGE EQUIPMENT ATTACH FITTINGS,FUSELAGE EQUIPMENT ATTACH FITTINGS,5345 ,53-45 
5346 POWERPLANT ATTACH FITTINGS,POWERPLANT ATTACH FITTINGS,5346 ,53-46 
5347 SEAT/CARGO ATTACH FITTINGS,SEAT/CARGO ATTACH FITTINGS,5347 ,53-47 
5350 AERODYNAMIC FAIRINGS,AERODYNAMIC FAIRINGS,5350 ,53-50 
5397 FUSELAGE WIRING,FUSELAGE WIRING,5397 ,53-97 
54 NACELLES/PYLONS,NACELLES/PYLONS,54 ,54 
5400 NACELLE/PYLON STRUCTURE,NACELLE/PYLON STRUCTURE,5400 ,54-00 
"5410 NACELLE/PYLON, MAIN FRAME","NACELLE/PYLON, MAIN FRAME",5410 ,54-10 
"5411 NACELLE/PYLON, FRAME/SPAR/RIB","NACELLE/PYLON, FRAME/SPAR/RIB",5411 ,54-11 
"5412 NACELLE/PYLON, BULKHEAD/FIREWALL","NACELLE/PYLON, BULKHEAD/FIREWALL",5412 ,54-12 
"5413 NACELLE/PYLON, LONGERON/STRINGER","NACELLE/PYLON, LONGERON/STRINGER",5413 ,54-13 
"5414 NACELLE/PYLON, PLATE SKIN","NACELLE/PYLON, PLATE SKIN",5414 ,54-14 
"5415 NACELLE/PYLON, ATTACH FITTINGS","NACELLE/PYLON, ATTACH FITTINGS",5415 ,54-15 
5420 NACELLE/PYLON MISCELLANEOUS STRUCT.,NACELLE/PYLON MISCELLANEOUS STRUCT.,5420 ,54-20 
5497 NACELLE/PYLON SYSTEM WIRING,NACELLE/PYLON SYSTEM WIRING,5497 ,54-97 
55 STABILIZERS,STABILIZERS,55 ,55 
5500 EMPENNAGE STRUCTURE,EMPENNAGE STRUCTURE,5500 ,55-00 
5510 HORIZONTAL STABILIZER STRUCTURE,HORIZONTAL STABILIZER STRUCTURE,5510 ,55-10 
"5511 HORIZONTAL STABILIZER, SPAR/RIB","HORIZONTAL STABILIZER, SPAR/RIB",5511 ,55-11 
"5512 HORIZONTAL STABILIZER, PLATE/SKIN","HORIZONTAL STABILIZER, PLATE/SKIN",5512 ,55-12 
"5513 HORIZONTAL STABILIZER, TAB STRUCTURE","HORIZONTAL STABILIZER, TAB STRUCTURE",5513 ,55-13 
5514 HORIZ STAB MISCELLANEOUS STRUCTURE,HORIZ STAB MISCELLANEOUS STRUCTURE,5514 ,55-14 
5520 ELEVATOR STRUCTURE,ELEVATOR STRUCTURE,5520 ,55-20 
"5521 ELEVATOR, SPAR/RIB STRUCTURE","ELEVATOR, SPAR/RIB STRUCTURE",5521 ,55-21 
"5522 ELEVATOR, PLATES/SKIN STRUCTURE","ELEVATOR, PLATES/SKIN STRUCTURE",5522 ,55-22 
"5523 ELEVATOR, TAB STRUCTURE","ELEVATOR, TAB STRUCTURE",5523 ,55-23 
5524 ELEVATOR MISCELLANEOUS STRUCTURE,ELEVATOR MISCELLANEOUS STRUCTURE,5524 ,55-24 
5530 VERTICAL STABILIZER STRUCTURE,VERTICAL STABILIZER STRUCTURE,5530 ,55-30 
"5531 VERTICAL STABILIZER, SPAR/RIB STRUCT.","VERTICAL STABILIZER, SPAR/RIB STRUCT.",5531 ,55-31 
"5532 VERTICAL STABILIZER, PLATES/SKIN","VERTICAL STABILIZER, PLATES/SKIN",5532 ,55-32 
5533 VENTRAL STRUCTURE,VENTRAL STRUCTURE,5533 ,55-33 
5534 VERT. STAB. MISCELLANEOUS STRUCTURE,VERT. STAB. MISCELLANEOUS STRUCTURE,5534 ,55-34 
5540 RUDDER STRUCTURE,RUDDER STRUCTURE,5540 ,55-40 
"5541 RUDDER, SPAR/RIB","RUDDER, SPAR/RIB",5541 ,55-41 
"5542 RUDDER, PLATE/SKIN","RUDDER, PLATE/SKIN",5542 ,55-42 
"5543 RUDDER, TAB STRUCTURE","RUDDER, TAB STRUCTURE",5543 ,55-43 
5544 RUDDER MISCELLANEOUS STRUCTURE,RUDDER MISCELLANEOUS STRUCTURE,5544 ,55-44 
"5550 EMPENNAGE FLT. CONT., ATTACH FITTING","EMPENNAGE FLT. CONT., ATTACH FITTING",5550 ,55-50 
"5551 HORIZONTAL STABILIZER, ATTACH FITTING","HORIZONTAL STABILIZER, ATTACH FITTING",5551 ,55-51 
"5552 ELEVATOR/TAB, ATTACH FITTINGS","ELEVATOR/TAB, ATTACH FITTINGS",5552 ,55-52 
"5553 VERT. STAB., ATTACH FITTINGS","VERT. STAB., ATTACH FITTINGS",5553 ,55-53 
"5554 RUDDER/TAB, ATTACH FITTINGS","RUDDER/TAB, ATTACH FITTINGS",5554 ,55-54 
5597 STABILIZER SYSTEM WIRING,STABILIZER SYSTEM WIRING,5597 ,55-97 
56 WINDOWS,WINDOWS,56 ,56 
5600 WINDOW/WINDSHIELD SYSTEM,WINDOW/WINDSHIELD SYSTEM,5600 ,56-00 
5610 FLIGHT COMPARTMENT WINDOWS,FLIGHT COMPARTMENT WINDOWS,5610 ,56-10 
5620 PASSENGER COMPARTMENT WINDOWS,PASSENGER COMPARTMENT WINDOWS,5620 ,56-20 
5630 DOOR WINDOWS,DOOR WINDOWS,5630 ,56-30 
5640 INSPECTION WINDOWS,INSPECTION WINDOWS,5640 ,56-40 
5697 WINDOW SYSTEM WIRING,WINDOW SYSTEM WIRING,5697 ,56-97 
57 WINGS,WINGS,57 ,57 
5700 WING STRUCTURE,WING STRUCTURE,5700 ,57-00 
"5710 WING, MAIN FRAME STRUCTURE","WING, MAIN FRAME STRUCTURE",5710 ,57-10 
5711 WING SPAR,WING SPAR,5711 ,57-11 
"5712 WING, RIB/BULKHEAD","WING, RIB/BULKHEAD",5712 ,57-12 
"5713 WING, LONGERON/STRINGER","WING, LONGERON/STRINGER",5713 ,57-13 
"5714 WING, CENTER BOX","WING, CENTER BOX",5714 ,57-14 
5720 WING MISCELLANEOUS STRUCTURE,WING MISCELLANEOUS STRUCTURE,5720 ,57-20 
"5730 WING, PLATES/SKINS","WING, PLATES/SKINS",5730 ,57-30 
"5740 WING, ATTACH FITTINGS","WING, ATTACH FITTINGS",5740 ,57-40 
"5741 WING, FUSELAGE ATTACH FITTINGS","WING, FUSELAGE ATTACH FITTINGS",5741 ,57-41 
"5742 WING, NAC/PYLON ATTACH FITTINGS","WING, NAC/PYLON ATTACH FITTINGS",5742 ,57-42 
"5743 WING, LANDING GEAR ATTACH FITTINGS","WING, LANDING GEAR ATTACH FITTINGS",5743 ,57-43 
"5744 WING, CONT. SURFACE ATTACH FITTINGS","WING, CONT. SURFACE ATTACH FITTINGS",5744 ,57-44 
"5750 WING, CONTROL SURFACES","WING, CONTROL SURFACES",5750 ,57-50 
5751 AILERONS,AILERONS,5751 ,57-51 
5752 AILERON TAB STRUCTURE,AILERON TAB STRUCTURE,5752 ,57-52 
5753 TRAILING EDGE FLAPS,TRAILING EDGE FLAPS,5753 ,57-53 
5754 LEADING EDGE DEVICES,LEADING EDGE DEVICES,5754 ,57-54 
5755 SPOILERS,SPOILERS,5755 ,57-55 
5797 WING SYSTEM WIRING,WING SYSTEM WIRING,5797 ,57-97 
61 PROPELLERS/PROPULSORS,PROPELLERS/PROPULSORS,61 ,61 
6100 PROPELLER SYSTEM,PROPELLER SYSTEM,6100 ,61-00 
6110 PROPELLER ASSEMBLY,PROPELLER ASSEMBLY,6110 ,61-10 
6111 PROPELLER BLADE SECTION,PROPELLER BLADE SECTION,6111 ,61-11 
6112 PROPELLER DE-ICE BOOT SECTION,PROPELLER DE-ICE BOOT SECTION,6112 ,61-12 
6113 PROPELLER SPINNER SECTION,PROPELLER SPINNER SECTION,6113 ,61-13 
6114 PROPELLER HUB SECTION,PROPELLER HUB SECTION,6114 ,61-14 
6120 PROPELLER CONTROLLING SYSTEM,PROPELLER CONTROLLING SYSTEM,6120 ,61-20 
6121 PROPELLER SYNCHRONIZER SECTION,PROPELLER SYNCHRONIZER SECTION,6121 ,61-21 
6122 PROPELLER GOVERNOR,PROPELLER GOVERNOR,6122 ,61-22 
6123 PROPELLER FEATHERING/REVERSING,PROPELLER FEATHERING/REVERSING,6123 ,61-23 
6130 PROPELLER BRAKING,PROPELLER BRAKING,6130 ,61-30 
6140 PROPELLER INDICATING SYSTEM,PROPELLER INDICATING SYSTEM,6140 ,61-40 
6197 PROPELLER/PROPULSORS SYSTEM WIRING,PROPELLER/PROPULSORS SYSTEM WIRING,6197 ,61-97 
62 MAIN ROTOR,MAIN ROTOR,62 ,62 
6200 MAIN ROTOR SYSTEM,MAIN ROTOR SYSTEM,6200 ,62-00 
6210 MAIN ROTOR BLADES,MAIN ROTOR BLADES,6210 ,62-10 
6220 MAIN ROTOR HEAD,MAIN ROTOR HEAD,6220 ,62-20 
6230 MAIN ROTOR MAST/SWASHPLATE,MAIN ROTOR MAST/SWASHPLATE,6230 ,62-30 
6240 MAIN ROTOR INDICATING SYSTEM,MAIN ROTOR INDICATING SYSTEM,6240 ,62-40 
6297 MAIN ROTOR SYSTEM WIRING,MAIN ROTOR SYSTEM WIRING,6297 ,62-97 
63 MAIN ROTOR DRIVE,MAIN ROTOR DRIVE,63 ,63 
6300 MAIN ROTOR DRIVE SYSTEM,MAIN ROTOR DRIVE SYSTEM,6300 ,63-00 
6310 ENGINE/TRANSMISSION COUPLING,ENGINE/TRANSMISSION COUPLING,6310 ,63-10 
6320 MAIN ROTOR GEARBOX,MAIN ROTOR GEARBOX,6320 ,63-20 
6321 MAIN ROTOR BRAKE,MAIN ROTOR BRAKE,6321 ,63-21 
6322 ROTORCRAFT COOLING FAN SYSTEM,ROTORCRAFT COOLING FAN SYSTEM,6322 ,63-22 
6330 MAIN ROTOR TRANSMISSION MOUNT,MAIN ROTOR TRANSMISSION MOUNT,6330 ,63-30 
6340 ROTOR DRIVE INDICATING SYSTEM,ROTOR DRIVE INDICATING SYSTEM,6340 ,63-40 
6397 MAIN ROTOR DRIVE SYSTEM WIRING,MAIN ROTOR DRIVE SYSTEM WIRING,6397 ,63-97 
64 TAIL ROTOR,TAIL ROTOR,64 ,64 
6400 TAIL ROTOR SYSTEM,TAIL ROTOR SYSTEM,6400 ,64-00 
6410 TAIL ROTOR BLADES,TAIL ROTOR BLADES,6410 ,64-10 
6420 TAIL ROTOR HEAD,TAIL ROTOR HEAD,6420 ,64-20 
6440 TAIL ROTOR INDICATING SYSTEM,TAIL ROTOR INDICATING SYSTEM,6440 ,64-40 
6497 TAIL ROTOR SYSTEM WIRING,TAIL ROTOR SYSTEM WIRING,6497 ,64-97 
65 TAIL ROTOR DRIVE,TAIL ROTOR DRIVE,65 ,65 
6500 TAIL ROTOR DRIVE SYSTEM,TAIL ROTOR DRIVE SYSTEM,6500 ,65-00 
6510 TAIL ROTOR DRIVE SHAFT,TAIL ROTOR DRIVE SHAFT,6510 ,65-10 
6520 TAIL ROTOR GEARBOX,TAIL ROTOR GEARBOX,6520 ,65-20 
6540 TAIL ROTOR DRIVE INDICATING SYSTEM,TAIL ROTOR DRIVE INDICATING SYSTEM,6540 ,65-40 
6597 TAIL ROTOR DRIVE SYSTEM WIRING,TAIL ROTOR DRIVE SYSTEM WIRING,6597 ,65-97 
67 ROTORS FLIGHT CONTROL,ROTORS FLIGHT CONTROL,67 ,67 
6700 ROTORCRAFT FLIGHT CONTROL,ROTORCRAFT FLIGHT CONTROL,6700 ,67-00 
6710 MAIN ROTOR CONTROL,MAIN ROTOR CONTROL,6710 ,67-10 
6711 TILT ROTOR FLIGHT CONTROL,TILT ROTOR FLIGHT CONTROL,6711 ,67-11 
6720 TAIL ROTOR CONTROL SYSTEM,TAIL ROTOR CONTROL SYSTEM,6720 ,67-20 
6730 ROTORCRAFT SERVO SYSTEM,ROTORCRAFT SERVO SYSTEM,6730 ,67-30 
6797 ROTORS FLIGHT CONTROL SYSTEM WIRING,ROTORS FLIGHT CONTROL SYSTEM WIRING,6797 ,67-97 
71 POWERPLANT,POWERPLANT,71 ,71 
7100 POWERPLANT SYSTEM,POWERPLANT SYSTEM,7100 ,71-00 
7110 ENGINE COWLING SYSTEM,ENGINE COWLING SYSTEM,7110 ,71-10 
7111 ENGINE COWL FLAPS,ENGINE COWL FLAPS,7111 ,71-11 
7112 ENGINE AIR BAFFLE SECTION,ENGINE AIR BAFFLE SECTION,7112 ,71-12 
7120 ENGINE MOUNT SECTION,ENGINE MOUNT SECTION,7120 ,71-20 
7130 ENGINE FIRESEALS,ENGINE FIRESEALS,7130 ,71-30 
7160 ENGINE AIR INTAKE SYSTEM,ENGINE AIR INTAKE SYSTEM,7160 ,71-60 
7170 ENGINE DRAINS,ENGINE DRAINS,7170 ,71-70 
7197 POWERPLANT SYSTEM WIRING,POWERPLANT SYSTEM WIRING,7197 ,71-97 
72 TURBINE/TURBOPROP ENGINE,TURBINE/TURBOPROP ENGINE,72 ,72 
7200 ENGINE (TURBINE/TURBOPROP),ENGINE (TURBINE/TURBOPROP),7200 ,72-00 
7210 TURBINE ENGINE REDUCTION GEAR,TURBINE ENGINE REDUCTION GEAR,7210 ,72-10 
7220 TURBINE ENGINE AIR INLET SECTION,TURBINE ENGINE AIR INLET SECTION,7220 ,72-20 
7230 TURBINE ENGINE COMPRESSOR SECTION,TURBINE ENGINE COMPRESSOR SECTION,7230 ,72-30 
7240 TURBINE ENGINE COMBUSTION SECTION,TURBINE ENGINE COMBUSTION SECTION,7240 ,72-40 
7250 TURBINE SECTION,TURBINE SECTION,7250 ,72-50 
7260 TURBINE ENGINE ACCESSORY DRIVE,TURBINE ENGINE ACCESSORY DRIVE,7260 ,72-60 
7261 TURBINE ENGINE OIL SYSTEM,TURBINE ENGINE OIL SYSTEM,7261 ,72-61 
7270 TURBINE ENGINE BYPASS SECTION,TURBINE ENGINE BYPASS SECTION,7270 ,72-70 
7297 TURBINE ENGINE SYSTEM WIRING,TURBINE ENGINE SYSTEM WIRING,7297 ,72-97 
73 ENGINE FUEL AND CONTROL,ENGINE FUEL AND CONTROL,73 ,73 
7300 ENGINE FUEL AND CONTROL,ENGINE FUEL AND CONTROL,7300 ,73-00 
7310 ENGINE FUEL DISTRIBUTION,ENGINE FUEL DISTRIBUTION,7310 ,73-10 
7311 ENGINE FUEL/OIL COOLER,ENGINE FUEL/OIL COOLER,7311 ,73-11 
7312 FUEL HEATER,FUEL HEATER,7312 ,73-12 
7313 FUEL INJECTOR NOZZLE,FUEL INJECTOR NOZZLE,7313 ,73-13 
7314 ENGINE FUEL PUMP,ENGINE FUEL PUMP,7314 ,73-14 
7320 FUEL CONTROLLING SYSTEM,FUEL CONTROLLING SYSTEM,7320 ,73-20 
7321 FUEL CONTROL/TURBINE ENGINES,FUEL CONTROL/TURBINE ENGINES,7321 ,73-21 
7322 FUEL CONTROL/RECEIPROCATING ENGINES,FUEL CONTROL/RECEIPROCATING ENGINES,7322 ,73-22 
7323 TURBINE GOVERNOR,TURBINE GOVERNOR,7323 ,73-23 
7324 FUEL DIVIDER,FUEL DIVIDER,7324 ,73-24 
7330 ENGINE FUEL INDICATING SYSTEM,ENGINE FUEL INDICATING SYSTEM,7330 ,73-30 
7331 FUEL FLOW INDICATING,FUEL FLOW INDICATING,7331 ,73-31 
7332 FUEL PRESSURE INDICATING,FUEL PRESSURE INDICATING,7332 ,73-32 
7333 FUEL FLOW SENSOR,FUEL FLOW SENSOR,7333 ,73-33 
7334 FUEL PRESSURE SENSOR,FUEL PRESSURE SENSOR,7334 ,73-34 
7397 ENGINE FUEL SYSTEM WIRING,ENGINE FUEL SYSTEM WIRING,7397 ,73-97 
74 IGNITION,IGNITION,74 ,74 
7400 IGNITION SYSTEM,IGNITION SYSTEM,7400 ,74-00 
7410 IGNITION POWER SUPPLY,IGNITION POWER SUPPLY,7410 ,74-10 
7411 LOW TENSION COIL,LOW TENSION COIL,7411 ,74-11 
7412 EXCITER,EXCITER,7412 ,74-12 
7413 INDUCTION VIBRATOR,INDUCTION VIBRATOR,7413 ,74-13 
7414 MAGNETO/DISTRIBUTOR,MAGNETO/DISTRIBUTOR,7414 ,74-14 
7420 IGNITION HARNESS (DISTRIBUTION),IGNITION HARNESS (DISTRIBUTION),7420 ,74-20 
7421 SPARK PLUG/IGNITER,SPARK PLUG/IGNITER,7421 ,74-21 
7430 IGNITION/STARTER SWITCHING,IGNITION/STARTER SWITCHING,7430 ,74-30 
7497 IGNITION SYSTEM WIRING,IGNITION SYSTEM WIRING,7497 ,74-97 
75 AIR,AIR,75 ,75 
7500 ENGINE BLEED AIR SYSTEM,ENGINE BLEED AIR SYSTEM,7500 ,75-00 
7510 ENGINE ANTI-ICING SYSTEM,ENGINE ANTI-ICING SYSTEM,7510 ,75-10 
7520 ENGINE COOLING SYSTEM,ENGINE COOLING SYSTEM,7520 ,75-20 
7530 COMPRESSOR BLEED CONTROL,COMPRESSOR BLEED CONTROL,7530 ,75-30 
7531 COMPRESSOR BLEED GOVERNOR,COMPRESSOR BLEED GOVERNOR,7531 ,75-31 
7532 COMPRESSOR BLEED VALVE,COMPRESSOR BLEED VALVE,7532 ,75-32 
7540 BLEED AIR INDICATING SYSTEM,BLEED AIR INDICATING SYSTEM,7540 ,75-40 
7597 ENGINE BLEED AIR SYSTEM WIRING,ENGINE BLEED AIR SYSTEM WIRING,7597 ,75-97 
76 ENGINE CONTROLS,ENGINE CONTROLS,76 ,76 
7600 ENGINE CONTROLS,ENGINE CONTROLS,7600 ,76-00 
7601 ENGINE SYNCHRONIZING,ENGINE SYNCHRONIZING,7601 ,76-01 
7602 MIXTURE CONTROL,MIXTURE CONTROL,7602 ,76-02 
7603 POWER LEVER,POWER LEVER,7603 ,76-03 
7620 ENGINE EMERGENCY SHUTDOWN SYSTEM,ENGINE EMERGENCY SHUTDOWN SYSTEM,7620 ,76-20 
7697 ENGINE CONTROL SYSTEM WIRING,ENGINE CONTROL SYSTEM WIRING,7697 ,76-97 
77 ENGINE INDICATING,ENGINE INDICATING,77 ,77 
7700 ENGINE INDICATING SYSTEM,ENGINE INDICATING SYSTEM,7700 ,77-00 
7710 POWER INDICATING SYSTEM,POWER INDICATING SYSTEM,7710 ,77-10 
7711 ENGINE PRESSURE RATIO (EPR),ENGINE PRESSURE RATIO (EPR),7711 ,77-11 
7712 ENGINE BMEP/TORQUE INDICATING,ENGINE BMEP/TORQUE INDICATING,7712 ,77-12 
7713 MANIFOLD PRESSURE (MP) INDICATING,MANIFOLD PRESSURE (MP) INDICATING,7713 ,77-13 
7714 ENGINE RPM INDICATING SYSTEM,ENGINE RPM INDICATING SYSTEM,7714 ,77-14 
7720 ENGINE TEMP. INDICATING SYSTEM,ENGINE TEMP. INDICATING SYSTEM,7720 ,77-20 
7721 CYLINDER HEAD TEMP (CHT) INDICATING,CYLINDER HEAD TEMP (CHT) INDICATING,7721 ,77-21 
7722 ENG. EGT/TIT INDICATING SYSTEM,ENG. EGT/TIT INDICATING SYSTEM,7722 ,77-22 
7730 ENGINE IGNITION ANALYZER SYSTEM,ENGINE IGNITION ANALYZER SYSTEM,7730 ,77-30 
7731 ENGINE IGNITION ANALYZER,ENGINE IGNITION ANALYZER,7731 ,77-31 
7732 ENGINE VIBRATION ANALYZER,ENGINE VIBRATION ANALYZER,7732 ,77-32 
7740 ENGINE INTEGRATED INSTRUMENT SYSTEM,ENGINE INTEGRATED INSTRUMENT SYSTEM,7740 ,77-40 
7797 ENGINE INDICATING SYSTEM WIRING,ENGINE INDICATING SYSTEM WIRING,7797 ,77-97 
78 ENGINE EXHAUST,ENGINE EXHAUST,78 ,78 
7800 ENGINE EXHAUST SYSTEM,ENGINE EXHAUST SYSTEM,7800 ,78-00 
7810 ENGINE COLLECTOR/TAILPIPE/NOZZLE,ENGINE COLLECTOR/TAILPIPE/NOZZLE,7810 ,78-10 
7820 ENGINE NOISE SUPPRESSOR,ENGINE NOISE SUPPRESSOR,7820 ,78-20 
7830 THRUST REVERSER,THRUST REVERSER,7830 ,78-30 
7897 ENGINE EXHAUST SYSTEM WIRING,ENGINE EXHAUST SYSTEM WIRING,7897 ,78-97 
79 ENGINE OIL,ENGINE OIL,79 ,79 
7900 ENGINE OIL SYSTEM (AIRFRAME),ENGINE OIL SYSTEM (AIRFRAME),7900 ,79-00 
7910 ENGINE OIL STORAGE (AIRFRAME),ENGINE OIL STORAGE (AIRFRAME),7910 ,79-10 
7920 ENGINE OIL DISTRIBUTION (AIRFRAME),ENGINE OIL DISTRIBUTION (AIRFRAME),7920 ,79-20 
7921 ENGINE OIL COOLER,ENGINE OIL COOLER,7921 ,79-21 
7922 ENGINE OIL TEMP. REGULATOR,ENGINE OIL TEMP. REGULATOR,7922 ,79-22 
7923 ENGINE OIL SHUTOFF VALVE,ENGINE OIL SHUTOFF VALVE,7923 ,79-23 
7930 ENGINE OIL INDICATING SYSTEM,ENGINE OIL INDICATING SYSTEM,7930 ,79-30 
7931 ENGINE OIL PRESSURE,ENGINE OIL PRESSURE,7931 ,79-31 
7932 ENGINE OIL QUANTITY,ENGINE OIL QUANTITY,7932 ,79-32 
7933 ENGINE OIL TEMPERATURE,ENGINE OIL TEMPERATURE,7933 ,79-33 
7997 ENGINE OIL SYSTEM WIRING,ENGINE OIL SYSTEM WIRING,7997 ,79-97 
80 STARTING,STARTING,80 ,80 
8000 ENGINE STARTING SYSTEM,ENGINE STARTING SYSTEM,8000 ,80-00 
8010 ENGINE CRANKING,ENGINE CRANKING,8010 ,80-10 
8011 ENGINE STARTER,ENGINE STARTER,8011 ,80-11 
8012 ENGINE START VALVES/CONTROLS,ENGINE START VALVES/CONTROLS,8012 ,80-12 
8097 ENGINE STARTING SYSTEM WIRING,ENGINE STARTING SYSTEM WIRING,8097 ,80-97 
81 TURBOCHARGING,TURBOCHARGING,81 ,81 
8100 EXHAUST TURBINE SYSTEM (RECIP),EXHAUST TURBINE SYSTEM (RECIP),8100 ,81-00 
8110 POWER RECOVERY TURBINE (RECIP),POWER RECOVERY TURBINE (RECIP),8110 ,81-10 
8120 EXHAUST TURBOCHARGER,EXHAUST TURBOCHARGER,8120 ,81-20 
8197 TURBOCHARGING SYSTEM WIRING,TURBOCHARGING SYSTEM WIRING,8197 ,81-97 
82 WATER INJECTION,WATER INJECTION,82 ,82 
8200 WATER INJECTION SYSTEM,WATER INJECTION SYSTEM,8200 ,82-00 
8297 WATER INJECTION SYSTEM WIRING,WATER INJECTION SYSTEM WIRING,8297 ,82-97 
83 ACCESSORY GEARBOXES,ACCESSORY GEARBOXES,83 ,83 
8300 ACCESSORY GEARBOXES,ACCESSORY GEARBOXES,8300 ,83-00 
8397 ACCESSORY GEARBOX SYSTEM WIRING,ACCESSORY GEARBOX SYSTEM WIRING,8397 ,83-97 
85 RECIPROCATING ENGINE,RECIPROCATING ENGINE,85 ,85 
8500 ENGINE (RECIPROCATING),ENGINE (RECIPROCATING),8500 ,85-00 
8510 RECIPROCATING ENGINE FRONT SECTION,RECIPROCATING ENGINE FRONT SECTION,8510 ,85-10 
8520 RECIPROCATING ENGINE POWER SECTION,RECIPROCATING ENGINE POWER SECTION,8520 ,85-20 
8530 RECIPROCATING ENGINE CYLINDER SECTION,RECIPROCATING ENGINE CYLINDER SECTION,8530 ,85-30 
8540 RECIPROCATING ENGINE REAR SECTION,RECIPROCATING ENGINE REAR SECTION,8540 ,85-40 
8550 RECIPROCATING ENGINE OIL SYSTEM,RECIPROCATING ENGINE OIL SYSTEM,8550 ,85-50 
8560 RECIPROCATING ENGINE SUPERCHARGER,RECIPROCATING ENGINE SUPERCHARGER,8560 ,85-60 
8570 RECIPROCATING ENGINE LIQUID COOLING,RECIPROCATING ENGINE LIQUID COOLING,8570 ,85-70 
8597 RECIPROCATING ENGINE SYSTEM WIRING,RECIPROCATING ENGINE SYSTEM WIRING,8597 ,85-97 